id,source,article,highlights
1,bundled,"Researchers at a Vietnamese university announced on Monday a new lightweight transformer model designed for educational chatbots. The system is built on top of an open-source backbone and was fine-tuned on a corpus of one hundred thousand English-Vietnamese tutoring dialogues. According to the lead author, the model runs in real time on a single consumer GPU and outperforms comparable systems on a small benchmark of student question answering. The team plans to release the model weights under a permissive licence later this year. They also said that the next version will include explicit support for multimodal inputs, including handwritten mathematics and lab worksheets.","Vietnamese researchers unveil a lightweight bilingual transformer for educational chatbots that runs on a single GPU; weights will be released under a permissive licence and a multimodal version is planned next."
2,bundled,"A regional public transport authority began trialling battery-electric buses on its busiest commuter route this week. The first three vehicles, each with a range of roughly two hundred and fifty kilometres on a single charge, replace older diesel buses that had been in service for more than a decade. Drivers undergoing the transition reported a quieter cabin and smoother acceleration but noted that midday charging stops would be needed during the summer when air-conditioning load is highest. The authority expects fuel savings of around forty percent across the pilot route and aims to electrify a quarter of its fleet by the end of next year.","A public transport authority is piloting electric buses on its busiest route, expecting forty percent fuel savings and aiming to electrify a quarter of its fleet within a year."
3,bundled,"The national football team secured a narrow win in its opening qualifier on Saturday evening, beating a regional rival one-nil thanks to a late goal from a substitute striker. The match was scrappy throughout, with both teams struggling to keep possession on a rain-soaked pitch. The head coach said afterwards that the team's defensive organisation had held up well under pressure and that the points were more important than the performance. Fans gathered outside the stadium for several hours after the final whistle to celebrate the result.","The national team beat their regional rival one-nil in their opening qualifier after a late substitute goal; the coach prioritised the points over the performance."
4,bundled,"A major cloud provider has unveiled a new generation of inference-optimised chips aimed at large language model workloads. The chips use a chiplet design and on-package high-bandwidth memory, and the company claims they deliver three times the throughput per dollar of the previous generation. Customers were able to begin testing the chips through a closed beta starting this week, with general availability scheduled for early next year. Several leading AI startups have reportedly already committed to migrating part of their inference traffic to the new platform.","A major cloud provider announced inference-optimised chips claiming three-times-better throughput per dollar; a closed beta opens this week with general availability next year."
5,bundled,"Heavy monsoon rain has caused widespread flooding across several central provinces, with thousands of residents evacuated from low-lying areas. Local authorities have opened more than fifty emergency shelters and the army has been deployed to assist with sandbagging and the rescue of stranded families. Forecasters expect the rain to continue for at least two more days, though tracks are uncertain. Insurance companies have warned that damages will be significant, particularly for unflooded rice paddies whose harvest is now at risk.","Heavy monsoon flooding has displaced thousands in central provinces; the army is assisting rescues and forecasters expect rain to continue for at least two more days."
6,bundled,"A small biotechnology startup in Singapore has raised a forty-million-dollar series A round to advance its work on a portable diagnostic device for early-stage liver disease. The device uses a microfluidic chip and a low-cost smartphone reader and was developed in partnership with a regional hospital network. Investors include several Asian healthcare-focused funds and a strategic investor from a global diagnostics company. The startup says clinical trials will begin in three countries next quarter and that it expects regulatory clearance within two years.","A Singapore biotech raised forty million dollars to develop a microfluidic smartphone-based liver-disease diagnostic; clinical trials begin next quarter."
7,bundled,"The country's central bank held its policy interest rate unchanged on Friday, citing easing core inflation and continued strength in the labour market. The decision was widely expected by analysts but the accompanying statement struck a more dovish tone than markets had anticipated, prompting a small rally in government bonds. The bank's deputy governor said in an afternoon press briefing that the door remained open to a rate cut later in the year if inflation continued to moderate as expected.","The central bank held rates steady on Friday but signalled a possible cut later in the year, prompting a small rally in government bonds."
8,bundled,"Astronomers using the James Webb Space Telescope have detected the clearest sign yet of carbon dioxide in the atmosphere of an exoplanet orbiting a sun-like star. The exoplanet, a gas giant roughly the size of Jupiter, was already known to host water vapour, but the new carbon dioxide measurement helps constrain models of how such planets form. The team published the result in a peer-reviewed astronomy journal and noted that several other candidate atmospheres are queued up for follow-up observations.","JWST has found the clearest sign yet of carbon dioxide in an exoplanet's atmosphere; the result helps constrain how gas giants form and more follow-ups are planned."
9,bundled,"A regional carrier announced a new direct flight between Hanoi and Sydney that will begin operating four times a week starting next month. The route had previously required a connection through Singapore or Bangkok and the new service is expected to be popular with business travellers and students. The carrier said the flights would use its newest narrow-body aircraft and offer a flat-bed business class. Tickets went on sale at midnight on Tuesday and the introductory fares were largely sold out within twelve hours.","A regional carrier will launch a four-times-weekly direct Hanoi-Sydney flight; introductory tickets sold out within twelve hours of going on sale."
10,bundled,"A landmark consumer protection bill cleared a key parliamentary committee on Wednesday after months of negotiation between consumer advocates and industry lobbyists. The bill would tighten disclosure requirements on online marketplaces, ban so-called dark patterns in checkout flows, and give regulators new powers to fine non-compliant platforms. Industry groups warned the changes could raise compliance costs for small sellers, while consumer advocates said the protections were long overdue. A floor vote is expected before the end of the month.","A consumer protection bill banning dark patterns and tightening online disclosures cleared a parliamentary committee; industry warns of costs while advocates welcome it."
11,bundled,"A team of marine biologists has documented the recovery of a coral reef in the Philippines five years after a community-led restoration project began. The team mapped roughly twelve hectares of reef and found a fourfold increase in live coral cover compared to baseline surveys taken before the project started. Local fishermen, who had been trained as reef stewards, were credited with much of the day-to-day monitoring and the suppression of destructive fishing practices in the area. The researchers cautioned that warming seas remain a significant long-term threat.","Marine biologists report a fourfold increase in live coral cover at a Philippine reef after five years of community-led restoration, though warming seas remain a risk."
12,bundled,"The world's largest electric vehicle manufacturer reported a sharp drop in quarterly profits as price competition in its home market intensified. Revenue still grew year on year, helped by strong sales of two new compact crossover models, but margins were compressed by aggressive price cuts and rising battery costs. The chief executive told investors on a conference call that the company would slow capacity expansion for six months and focus on cost discipline. Shares fell roughly six percent in after-hours trading.","The biggest electric vehicle maker reported lower quarterly profits despite revenue growth; the chief executive will slow expansion and shares fell six percent after hours."
13,bundled,"A coalition of universities has launched a shared open-access repository for natural language processing datasets focused on Southeast Asian languages. The repository currently hosts more than thirty corpora covering Vietnamese, Thai, Indonesian, Tagalog and several minority languages, along with standardised loaders and licensing information. The initiative is funded jointly by several regional research councils and aims to lower the barrier to entry for students working on under-resourced languages. The organisers said new contributions would be reviewed on a rolling basis.","Several universities have launched a shared open-access repository of more than thirty NLP datasets for Southeast Asian languages, with standardised loaders and licensing."
14,bundled,"A long-running investigation into a major bank concluded on Thursday with a record fine and a binding commitment to restructure the bank's internal compliance functions. Regulators found that the bank had repeatedly failed to flag suspicious transactions over a five-year period and had ignored internal warnings from junior compliance staff. The bank's chair acknowledged the failings in a public statement and said that an independent monitor would oversee the restructuring for the next three years. Shares fell sharply on the news.","Regulators imposed a record fine on a major bank for repeatedly failing to flag suspicious transactions; an independent monitor will oversee a three-year restructuring."
15,bundled,"A municipal government has announced plans to plant one million urban trees over the next decade to help reduce summer temperatures and improve air quality. The plan focuses on neighbourhoods that currently have the lowest tree canopy cover and includes funding for resident-led planting events and ongoing maintenance contracts. City officials said the choice of tree species was being guided by climate-projection studies to ensure resilience to hotter, drier summers expected in the coming decades.","A city plans to plant one million urban trees over a decade, focused on neighbourhoods with low canopy cover and using species chosen for future climate resilience."
16,bundled,"Researchers have released a new benchmark for evaluating long-context language models on multi-document news summarisation. The benchmark includes carefully aligned clusters of articles covering the same event from multiple outlets and provides reference summaries written by trained journalists. Early results from several frontier models showed strong performance on factual coverage but consistent struggles with attribution, particularly when the same fact was reported with different framing across sources.","A new long-context benchmark tests multi-document news summarisation; frontier models cover facts well but struggle to handle conflicting attribution across sources."
17,bundled,"A consortium of clean-energy companies has signed a memorandum of understanding to build a large-scale offshore wind farm off the central coast. The project, if approved by national regulators, would have a planned capacity of two gigawatts and would feed power directly into the national grid through new high-voltage transmission lines. Environmental impact assessments are expected to take at least eighteen months. The consortium said local fishermen would be consulted throughout the design phase to minimise disruption to traditional fishing grounds.","A clean-energy consortium plans a two-gigawatt offshore wind farm off the central coast, pending eighteen months of environmental assessments and fisher consultations."
18,bundled,"A surprise upset in the men's tennis singles saw the eighth seed knocked out by an unranked qualifier in straight sets at a major hard-court tournament. The qualifier, a twenty-one-year-old playing in only his second main-draw event, served eighteen aces and kept the seed off balance with deep returns. He will face a former world number three in the next round. The seed's coach said his player had struggled with a wrist issue throughout the match.","An unranked twenty-one-year-old qualifier upset the eighth seed in straight sets, serving eighteen aces; he next faces a former world number three."
19,bundled,"A new study has found that short, daily mindfulness exercises delivered through a mobile app produced measurable reductions in self-reported anxiety among university students. The randomised trial followed roughly four hundred students over an eight-week period. Participants who used the app for ten minutes a day showed a clear decrease in anxiety scores compared with a control group, though the authors noted the effect size was modest and would need to be replicated in larger cohorts.","A randomised trial of four hundred students found that ten minutes a day of app-based mindfulness modestly reduced anxiety scores over eight weeks."
20,bundled,"Archaeologists working at a coastal site have uncovered evidence of a small fishing settlement that they say is at least three thousand years old. Pottery fragments, fish bones and the remains of a stone hearth were found in a tightly stratified layer dated by radiocarbon analysis. The lead archaeologist said the find would help fill in a gap in regional prehistory because few sites of this age have been excavated in the area. The team plans to extend their excavation next field season.","Archaeologists have uncovered a three-thousand-year-old fishing settlement on the coast, filling a regional prehistory gap; excavation will continue next season."
21,bundled,"A government cybersecurity agency has issued an urgent advisory warning of a critical vulnerability in a widely used open-source library that handles XML parsing. The flaw could allow remote code execution on affected servers and the agency said active exploitation had already been observed in several sectors. Administrators are urged to apply the upstream patch as soon as possible, and the advisory includes detection rules for common intrusion-detection systems.","A cybersecurity agency warned of an actively exploited remote-code-execution flaw in a widely used XML library and urged immediate patching."
22,bundled,"A film that premiered at an international festival last week has become an unexpected hit, drawing strong reviews for its quiet performances and its understated cinematography. The film, the debut feature from a thirty-four-year-old director, won the festival's screenplay prize and several international distributors have already bought rights. The director said in a brief interview that the script had been written over the course of three years and drawn from her own experience growing up in a small mining town.","A thirty-four-year-old director's debut feature won the festival screenplay prize and has been picked up by international distributors after strong reviews."
23,bundled,"Civic groups in the capital have launched a campaign to expand the network of public drinking fountains in parks and along busy walking routes. The campaign argues that easy access to drinking water reduces the use of single-use plastic bottles and is particularly important for elderly residents and outdoor workers during heatwaves. The city responded that it had already commissioned a feasibility study and would publish the findings before the end of the year.","Civic groups in the capital are pushing to expand public drinking fountains, citing plastic-bottle reduction and heatwave safety; the city has commissioned a study."
24,bundled,"A regional space agency confirmed the successful launch of a small earth-observation satellite from a coastal launch pad on Tuesday morning. The satellite, weighing roughly two hundred kilograms, will provide imagery to support agricultural monitoring and disaster response. It is the first satellite in a planned constellation of six and was developed in partnership with a regional university and a private aerospace firm. The next launch in the series is scheduled for early next year.","A regional agency successfully launched a two-hundred-kilogram earth-observation satellite for agriculture and disaster response; it is the first of six planned."
