id,text,label
1,"The lectures were extremely well organized and the slides made complex topics easy to follow.",positive
2,"Professor explained difficult NLP concepts with concrete examples and patience.",positive
3,"I really enjoyed the hands-on labs; they helped me apply the theory immediately.",positive
4,"Office hours were genuinely helpful and the teaching assistants were responsive.",positive
5,"The assignments pushed me to learn and the feedback was constructive and timely.",positive
6,"Great course overall; I now feel confident building a text classification pipeline.",positive
7,"The reading list was curated thoughtfully and balanced theory with practical papers.",positive
8,"Grading was fair and the rubrics were transparent from day one.",positive
9,"I appreciated the weekly quizzes; they kept me engaged with the material.",positive
10,"Project demonstrations gave me confidence presenting technical work to a real audience.",positive
11,"The pacing was reasonable and the workload felt manageable across the semester.",positive
12,"Lab sessions were well structured and the starter notebooks saved a lot of setup time.",positive
13,"I loved how the instructor connected NLP techniques to real industry problems.",positive
14,"Discussion forums were active and the instructor replied within a day.",positive
15,"Group projects fostered collaboration and I learned a lot from my teammates.",positive
16,"The course materials were openly available online which was very convenient.",positive
17,"I gained practical skills in tokenization, embeddings, and evaluation metrics.",positive
18,"The professor's enthusiasm for language technology was contagious and motivating.",positive
19,"Feedback on my proposal helped me sharpen the research questions significantly.",positive
20,"Excellent introduction to transformers with intuitive diagrams and runnable code.",positive
21,"Demo sessions encouraged creative use of NLP libraries and APIs.",positive
22,"The textbook recommendations were spot on and complemented the lectures perfectly.",positive
23,"I appreciated how reproducibility was emphasized throughout the labs.",positive
24,"Helpful clarifications were posted on the LMS whenever assignments were ambiguous.",positive
25,"The final project requirements were clear and the milestones kept us on track.",positive
26,"Lectures often started with a recap which helped me solidify previous concepts.",positive
27,"The bonus material on prompt engineering was a delightful and modern addition.",positive
28,"I improved my Python and scikit-learn skills more than I expected to.",positive
29,"The instructor adapted the pace based on student questions which I really valued.",positive
30,"Recordings of lectures were uploaded promptly and well indexed by topic.",positive
31,"The course gave me a solid foundation to pursue an NLP-focused thesis next year.",positive
32,"Excellent balance between classical NLP and modern deep learning methods.",positive
33,"The error analysis exercise taught me to read confusion matrices critically.",positive
34,"Live coding sessions made abstract algorithms feel concrete and approachable.",positive
35,"The midterm review session covered exactly the right material at the right depth.",positive
36,"I rarely felt lost; the prerequisites were communicated clearly upfront.",positive
37,"Teaching assistants graded promptly and provided very actionable comments.",positive
38,"The course encouraged us to read recent papers and discuss them in class.",positive
39,"I felt supported throughout the semester, especially during the project phase.",positive
40,"Group presentations were a highlight; I learned from every team in the class.",positive
41,"The instructor's slides on attention mechanisms were the clearest I have seen.",positive
42,"I appreciated the variety of evaluation methods beyond just accuracy.",positive
43,"Real datasets used in lectures made the examples much more memorable.",positive
44,"Course assignments were aligned tightly with the learning outcomes.",positive
45,"The optional reading on tokenization was fascinating and well chosen.",positive
46,"Lectures consistently started on time and ended without rushing the content.",positive
47,"I left every class with at least one new idea to try in my own project.",positive
48,"This was one of the best electives I have taken at the university.",positive
49,"Hands-on practice with Hugging Face models helped me prepare for internships.",positive
50,"The instructor was approachable and encouraged questions during and after class.",positive
51,"The lectures were disorganized and it was hard to tell what would be on the exam.",negative
52,"Slides were dense walls of text that the professor read directly to us.",negative
53,"Assignments were unclear and the grading rubric kept changing mid-stream.",negative
54,"Office hours were rarely available and the TAs often did not know the material.",negative
55,"Feedback on submissions arrived weeks late and was usually a single sentence.",negative
56,"The workload was crushing and unevenly distributed across the semester.",negative
57,"The course relied heavily on outdated tools without explaining modern alternatives.",negative
58,"I felt the professor lacked enthusiasm and the lectures were monotone.",negative
59,"Group projects were poorly scoped and our team struggled without clear guidance.",negative
60,"The exam included topics that were never covered in lectures or labs.",negative
61,"Communication on the LMS was inconsistent and announcements were posted late.",negative
62,"Lab notebooks were broken and we spent more time fixing setup than learning.",negative
63,"The required textbook was expensive and barely used during the semester.",negative
64,"I did not learn much that I could not have learned faster from a tutorial.",negative
65,"Grading felt arbitrary and similar submissions received very different scores.",negative
66,"Lectures often ran overtime and skipped key examples from the slides.",negative
67,"There was no time for meaningful Q&A and questions were sometimes dismissed.",negative
68,"The final project requirements were vague and changed close to the deadline.",negative
69,"I rarely received responses to my questions on the discussion forum.",negative
70,"The pacing was way too fast and important concepts were glossed over.",negative
71,"Quizzes tested obscure trivia rather than the core ideas of the course.",negative
72,"The course relied too much on memorization rather than understanding.",negative
73,"Recorded lectures had poor audio and were rarely uploaded on time.",negative
74,"I felt disengaged because most of the material was theory with no application.",negative
75,"The instructor seemed unprepared and frequently apologized for missing slides.",negative
76,"Assignment instructions contained errors that were not corrected promptly.",negative
77,"I lost motivation halfway through due to lack of feedback on my progress.",negative
78,"The course content was significantly behind current industry practices.",negative
79,"There was very little practical coding compared to what the syllabus promised.",negative
80,"Several lectures were canceled with little notice and never rescheduled.",negative
81,"Group work felt forced and the team formation process was chaotic.",negative
82,"I had to learn most of the material on my own outside of class.",negative
83,"The final exam was needlessly difficult and did not reflect the assignments.",negative
84,"Tests were graded harshly without explanations or opportunities to discuss.",negative
85,"The teaching assistants disagreed with each other on basic course policies.",negative
86,"It was unclear what tools or libraries we were expected to use for projects.",negative
87,"Many class examples did not run as written and we had to debug them ourselves.",negative
88,"Office hours were scheduled at impossible times for working students.",negative
89,"The instructor frequently ran out of time and skipped important sections.",negative
90,"Discussion sessions were canceled often and never effectively replaced.",negative
91,"Course materials assumed background knowledge that was never made explicit.",negative
92,"I would not recommend this course unless major changes are made to the structure.",negative
93,"Important deadlines were posted with very little advance notice.",negative
94,"The professor was unwilling to consider feedback even after multiple complaints.",negative
95,"Assignments often required tools that were not introduced in class first.",negative
96,"I felt the class was a waste of credits given the limited practical takeaways.",negative
97,"The reading list was outdated and many links pointed to retracted papers.",negative
98,"Project grading penalized minor formatting issues over substantive work.",negative
99,"It was frustrating that the same questions had to be re-explained every week.",negative
100,"Overall I found the course poorly run and would discourage other students from enrolling.",negative
101,"The professor went above and beyond to help me with my final project ideas.",positive
102,"I came in nervous about NLP and left with a portfolio piece I am proud of.",positive
103,"The mix of lectures, labs, and project work was carefully balanced.",positive
104,"Teaching assistants ran helpful Friday tutorials that filled gaps in my background.",positive
105,"This class made me genuinely excited about pursuing a career in machine learning.",positive
106,"Exam questions matched the difficulty of the homework which felt fair.",positive
107,"I appreciated the inclusion of ethics discussions alongside technical content.",positive
108,"The instructor remembered students' projects and tailored examples to our interests.",positive
109,"Detailed feedback on the midterm helped me prepare effectively for the final.",positive
110,"Course logistics ran smoothly from the first day to the last.",positive
111,"I enjoyed the guest lectures from industry practitioners working on NLP systems.",positive
112,"The course gave clear guidance on when classical methods beat deep learning.",positive
113,"Project proposals received thoughtful feedback that improved the final outcomes.",positive
114,"The combination of TF-IDF baselines and transformer comparisons was illuminating.",positive
115,"I now feel comfortable deploying a small NLP service on my own.",positive
116,"The instructor's emphasis on reproducibility will stay with me in future projects.",positive
117,"Lab partners were rotated which let me meet many classmates over the term.",positive
118,"Excellent use of in-class polls to gauge understanding before moving on.",positive
119,"The slide design was clean and easy to revisit during exam preparation.",positive
120,"Real engagement with students made the lectures feel like a collaborative class.",positive
121,"I appreciated detailed worked solutions posted after each assignment was due.",positive
122,"The professor was responsive to feedback and adjusted the workload mid-semester.",positive
123,"I learned how to write a research-style report thanks to the project structure.",positive
124,"The course encouraged independent thinking and exploration beyond the syllabus.",positive
125,"I will definitely recommend this NLP course to other students next year.",positive
126,"The grading scheme rewarded effort and improvement rather than only raw performance.",negative
127,"Half the lectures consisted of the instructor reading slides verbatim without insight.",negative
128,"Lab equipment was unreliable and many sessions lost time to technical issues.",negative
129,"I was disappointed that there was no real discussion of recent NLP research.",negative
130,"The instructor often arrived unprepared and improvised through important topics.",negative
131,"Communication about exam logistics was confusing and changed multiple times.",negative
132,"Group dynamics were poor and the instructor offered no support to resolve conflicts.",negative
133,"The course advertised modern NLP but the labs only covered bag-of-words methods.",negative
134,"It was frustrating to receive grades without comments explaining the deductions.",negative
135,"Assignments were graded by a different TA each time with inconsistent standards.",negative
136,"Topics from earlier weeks were rarely revisited which made the exam stressful.",negative
137,"Important resources were locked behind broken links until the very end of the term.",negative
138,"The course felt like a series of unrelated topics rather than a cohesive curriculum.",negative
139,"I expected hands-on work with transformers but we only saw a single demo.",negative
140,"The textbook was rarely referenced even though it was a required purchase.",negative
141,"There was no opportunity to revise or resubmit any work after receiving feedback.",negative
142,"Class participation was graded subjectively and felt biased toward vocal students.",negative
143,"Late penalties were severe even for documented medical emergencies.",negative
144,"Course slides were not posted before lectures making note-taking difficult.",negative
145,"The instructor frequently dismissed clarifying questions as off-topic.",negative
146,"I learned more from watching online tutorials than from attending lectures.",negative
147,"Project topics were restricted in ways that discouraged creativity.",negative
148,"Several promised guest lectures were canceled without explanation.",negative
149,"The tone of feedback was harsh and discouraged students from taking risks.",negative
150,"Overall the course did not live up to what the syllabus had promised.",negative
151,"I found the worked examples in lab to be especially well chosen and clear.",positive
152,"The course gave me a structured way to think about evaluating language models.",positive
153,"Professor's explanations of regularization and overfitting were memorable and effective.",positive
154,"I felt empowered to ask challenging questions and the instructor welcomed them.",positive
155,"Hands-on work with Hugging Face datasets demystified data loading for me.",positive
156,"Career advice woven into lectures was thoughtful and genuinely useful.",positive
157,"The instructor took feedback seriously and updated assignments based on student input.",positive
158,"I now use the project template from this class as the basis for my research code.",positive
159,"The pace of the deep learning unit was just right; challenging but doable.",positive
160,"Lectures included clear diagrams which made backpropagation finally click for me.",positive
161,"It was great to see how unit tests fit into a real ML workflow.",positive
162,"Assignments encouraged us to compare models rather than tune a single one to death.",positive
163,"I appreciated that ethics and bias were treated as first-class topics, not afterthoughts.",positive
164,"The capstone project showcase was a wonderful way to celebrate the cohort's work.",positive
165,"This course was the highlight of my semester and reshaped my career interests.",positive
166,"Several pieces of starter code contained subtle bugs that wasted lab time.",negative
167,"The instructor's accent combined with poor microphones made many lectures hard to follow.",negative
168,"Assignment deadlines clustered around midterms in unrelated courses without flexibility.",negative
169,"Material on attention mechanisms was rushed and left many students confused.",negative
170,"Office hours overlapped with required lectures for many students in our program.",negative
171,"I was penalized for using libraries that were never explicitly forbidden.",negative
172,"Lecture recordings were behind a paywall add-on which felt unreasonable.",negative
173,"Slide animations actively obscured rather than clarified the diagrams beneath them.",negative
174,"The grading curve was applied inconsistently across sections of the course.",negative
175,"Promised office hour expansions never materialized despite repeated requests.",negative
176,"I left the course unable to explain key concepts from the syllabus.",negative
177,"Project rubrics were vague and graders interpreted them differently across teams.",negative
178,"Many lectures were essentially the same slides reused from previous semesters.",negative
179,"I encountered the instructor sleeping at the desk during student presentations.",negative
180,"The course chat channel was abandoned after the first three weeks of class.",negative
181,"Working in this class felt like a job with neither pay nor learning rewards.",negative
182,"The frequent reorganization of the syllabus made long-term planning impossible.",negative
183,"My questions on transformers received answers that contradicted the course slides.",negative
184,"Despite advertising hands-on NLP, we never built or evaluated a real system.",negative
185,"Several students dropped the course mid-semester due to the disorganized structure.",negative
186,"There were no clear paths to improve once you fell behind in the first month.",negative
187,"Office hours were dominated by graduate students and undergraduates were ignored.",negative
188,"Project submissions had to be reformatted multiple times due to unclear instructions.",negative
189,"The course advertised cutting-edge content but felt stuck a decade in the past.",negative
190,"I cannot recommend this class to anyone interested in modern NLP techniques.",negative
191,"The instructor's care for student learning was evident every single class.",positive
192,"I really valued the structured exposure to multiple NLP subfields in one semester.",positive
193,"The supportive atmosphere made this an inclusive and welcoming learning environment.",positive
194,"This was the first course where I felt prepared to read research papers independently.",positive
195,"Hands-on sessions with real datasets prepared me well for industry interviews.",positive
196,"I appreciated how the professor highlighted limitations of every model we studied.",positive
197,"The course encouraged a growth mindset and celebrated incremental progress.",positive
198,"Carefully designed problem sets steadily built up my intuition for evaluation metrics.",positive
199,"This class was rigorous yet approachable and I would gladly take it again.",positive
200,"The professor's lifelong love of language and computation came through in every lecture.",positive
